{
  "project_info": {
    "project_number": "254681533984",
    "firebase_url": "https://animapp-c5f42.firebaseio.com",
    "project_id": "animapp-c5f42",
    "storage_bucket": "animapp-c5f42.appspot.com"
  },
  "client": [
    {
      "client_info": {
        "mobilesdk_app_id": "1:254681533984:android:d3e5e6443b8ce94a",
        "android_client_info": {
          "package_name": "com.example.animapp"
        }
      },
      "oauth_client": [
        {
          "client_id": "254681533984-0a4fcv57rcosv3s2r54sl619dnv10il6.apps.googleusercontent.com",
          "client_type": 1,
          "android_info": {
            "package_name": "com.example.animapp",
            "certificate_hash": "a210ef4db543e146b815c6b7f430f0de42b838dd"
          }
        },
        {
          "client_id": "254681533984-m4m0vnip1nsuedm6q8lrepel81obrtan.apps.googleusercontent.com",
          "client_type": 3
        }
      ],
      "api_key": [
        {
          "current_key": "AIzaSyCdJzWrrMZoF0Iq8-0Lt9uutiylMTbnkUM"
        }
      ],
      "services": {
        "appinvite_service": {
          "other_platform_oauth_client": [
            {
              "client_id": "254681533984-m4m0vnip1nsuedm6q8lrepel81obrtan.apps.googleusercontent.com",
              "client_type": 3
            }
          ]
        }
      }
    }
  ],
  "configuration_version": "1"
}